기업명,분기,변동성_연율화,누적수익률
LG생활건강,2023Q1,0.3464448315448132,-0.16666669642904974
LG생활건강,2023Q2,0.34200065817259134,-0.23499999946427708
LG생활건강,2023Q3,0.49237463989098756,-0.027233141710265696
LG생활건강,2023Q4,0.5519639503152126,-0.18129905763402598
LG생활건강,2024Q1,0.37769603664803514,0.0734463205735778
LG생활건강,2024Q2,0.39859889945644256,-0.14691357937389626
LG생활건강,2024Q3,0.3889745593910883,0.0484094100041812
LG생활건강,2024Q4,0.36351449521339085,-0.19947502067770073
LG생활건강,2025Q1,0.2791567350657175,0.03053907148548074
LG생활건강,2025Q2,0.3103714574420591,0.022399946161628437
LG생활건강,2025Q3,0.23449488823903974,-0.10462449770930793
LG생활건강,2025Q4,0.20988746527999982,-0.09773121262097717
아모레퍼시픽,2023Q1,0.37910194369312533,0.013333363422282307
아모레퍼시픽,2023Q2,0.3393664006551067,-0.2844574583562268
아모레퍼시픽,2023Q3,0.43571315175000164,0.252566630998436
아모레퍼시픽,2023Q4,0.44234225916164777,0.19938073830244663
아모레퍼시픽,2024Q1,0.45174896995315916,-0.140226664366918
아모레퍼시픽,2024Q2,0.45229347247738266,0.2958946803927882
아모레퍼시픽,2024Q3,0.7989782790249823,-0.11609817996304561
아모레퍼시픽,2024Q4,0.4289904508760219,-0.23670792048482292
아모레퍼시픽,2025Q1,0.3995373151554166,-0.00889257022807477
아모레퍼시픽,2025Q2,0.42184661105348853,0.2908404457005753
아모레퍼시픽,2025Q3,0.24477156503261066,-0.11054542003422119
아모레퍼시픽,2025Q4,0.28396940113970126,-0.030032461561950496
CJ제일제당,2023Q1,0.22414272811394828,-0.13143270084424563
CJ제일제당,2023Q2,0.2387805661212884,-0.16387281204512794
CJ제일제당,2023Q3,0.2933318680960231,0.1001015641639813
CJ제일제당,2023Q4,0.22033888489353512,0.10580190753830743
CJ제일제당,2024Q1,0.2277961655921197,-0.07894670549522076
CJ제일제당,2024Q2,0.36475076260895195,0.24267215837441647
CJ제일제당,2024Q3,0.3393362178048765,-0.1735068858720139
CJ제일제당,2024Q4,0.3585578556310635,-0.12649569458629895
CJ제일제당,2025Q1,0.31360915017352287,0.008179909689027598
CJ제일제당,2025Q2,0.31406415224221224,0.00657896391037438
CJ제일제당,2025Q3,0.23763156410268474,-0.08837008422512804
CJ제일제당,2025Q4,0.1693867884759056,-0.1066857811120775
오리온,2023Q1,0.27214632066842315,0.08844633515522604
오리온,2023Q2,0.3427316052434247,-0.129172668221202
오리온,2023Q3,0.3179728904762425,0.049918233320239924
오리온,2023Q4,0.31698760058976116,-0.06328609783541106
오리온,2024Q1,0.46984409351553397,-0.22155692201300237
오리온,2024Q2,0.3232233965452712,-0.0345550572713218
오리온,2024Q3,0.2644937612264757,0.06441052903310096
오리온,2024Q4,0.2727690034538695,0.06777892468488433
오리온,2025Q1,0.2704605149521167,0.1717439475208935
오리온,2025Q2,0.2407893180602466,-0.07874682156177504
오리온,2025Q3,0.2232606919154688,-0.07251566420067068
오리온,2025Q4,0.20576899352748626,0.007626286790133552
BGF리테일,2023Q1,0.17966458142601913,-0.10049513696210088
BGF리테일,2023Q2,0.2859345835073377,-0.032097386666350314
BGF리테일,2023Q3,0.28080768002428225,-0.19840819409721078
BGF리테일,2023Q4,0.40150313568698687,0.027456903885455297
BGF리테일,2024Q1,0.2835101034436589,-0.12879349080692626
BGF리테일,2024Q2,0.2834342015733248,-0.15258408266468126
BGF리테일,2024Q3,0.29987630017197964,0.06996269962308665
BGF리테일,2024Q4,0.32803892502868176,-0.09211697582306633
BGF리테일,2025Q1,0.2362774239640614,0.12176006354082003
BGF리테일,2025Q2,0.4620044591881394,0.17704278982015564
BGF리테일,2025Q3,0.25648923044643407,-0.14421552311583963
BGF리테일,2025Q4,0.2047210232334249,-0.04727272461034737
GS리테일,2023Q1,0.3039697874686932,0.02162151248173405
GS리테일,2023Q2,0.23623243567236413,-0.21440810447699155
GS리테일,2023Q3,0.29174732718349666,0.01939667400790679
GS리테일,2023Q4,0.24242166630635278,0.019156626541232846
GS리테일,2024Q1,0.1820769923788023,-0.1361701981051303
GS리테일,2024Q2,0.37200163250914,0.002403829731322471
GS리테일,2024Q3,0.29483804500180877,0.031400910268950755
GS리테일,2024Q4,0.8775265682627733,-0.3741583197581515
GS리테일,2025Q1,0.23542133024421305,-0.14096315679694715
GS리테일,2025Q2,0.4156987129827182,0.19013587109910346
GS리테일,2025Q3,0.24414946471699464,-0.02574602946002158
GS리테일,2025Q4,0.3681763415806635,0.13687783562053513
이마트,2023Q1,0.3158634020107949,0.11392406306573766
이마트,2023Q2,0.24230553749487552,-0.26057697324228657
이마트,2023Q3,0.2827477069467972,-0.09627717471323993
이마트,2023Q4,0.2730322577565686,0.11661818372515564
이마트,2024Q1,0.460015374503039,-0.09733338750754061
이마트,2024Q2,0.23545406233647206,-0.1579731784742776
이마트,2024Q3,0.36390462378688415,0.025996541449118338
이마트,2024Q4,0.46140336666215515,0.08191127596374659
이마트,2025Q1,0.3741261108264245,0.3059582193277155
이마트,2025Q2,0.4483068816423599,0.06483786086440024
이마트,2025Q3,0.39018387855551595,-0.2060988326854809
이마트,2025Q4,0.3253661722280319,0.08835341236157235
롯데쇼핑,2023Q1,0.21136194515907156,-0.10098784762871849
롯데쇼핑,2023Q2,0.1913064065111404,-0.16443364614296851
롯데쇼핑,2023Q3,0.2946861234967076,0.024355267153187476
롯데쇼핑,2023Q4,0.22655791319287297,0.13062805724696047
롯데쇼핑,2024Q1,0.37509427940226536,-0.02695413156448112
롯데쇼핑,2024Q2,0.2113187162734331,-0.14650536790831148
롯데쇼핑,2024Q3,0.3021295507560562,-0.037558687669650315
롯데쇼핑,2024Q4,0.31521275624792233,-0.11745514936294021
롯데쇼핑,2025Q1,0.30335190897788605,0.2313575897272211
롯데쇼핑,2025Q2,0.44544098791926284,0.27133838334460925
롯데쇼핑,2025Q3,0.24976157623665599,-0.08645163277033663
롯데쇼핑,2025Q4,0.2877582640232466,0.0386819181787037
농심,2023Q1,0.25398075685578536,0.0767045165317275
농심,2023Q2,0.3411088006299911,0.06989243874664286
농심,2023Q3,0.3634343421842748,0.16216208644311458
농심,2023Q4,0.29837006287389,-0.13891139475614955
농심,2024Q1,0.22057548582270223,-0.10666669163122477
농심,2024Q2,0.4756709999566696,0.28853744416364036
농심,2024Q3,0.31476270722851557,-0.18776373127067947
농심,2024Q4,0.3907734324719128,0.0012857896396116786
농심,2025Q1,0.368482577799997,0.060288362574598686
농심,2025Q2,0.343924665415497,-0.032019714644522024
농심,2025Q3,0.4840065794371217,0.08417086940788732
농심,2025Q4,0.2891591751274083,-0.02918070504800041
신세계,2023Q1,0.2689965470303241,-0.006912410386104573
신세계,2023Q2,0.20302904545343117,-0.16775700170243624
신세계,2023Q3,0.3383821003402337,0.060825868031736174
신세계,2023Q4,0.20399336648727115,-0.031202335825208594
신세계,2024Q1,0.28814115266219065,-0.03905801490495597
신세계,2024Q2,0.25829110598716376,-0.12002252926849111
신세계,2024Q3,0.2977880551175682,0.005053622341842701
신세계,2024Q4,0.32989085409692515,-0.15769475184793758
신세계,2025Q1,0.2988729080623813,0.08796589943888389
신세계,2025Q2,0.4490414781230373,0.38224499711769067
신세계,2025Q3,0.301853104637239,-0.02552082743551143
신세계,2025Q4,0.40065370488443675,0.3475177538297225
LG에너지솔루션,2023Q1,0.3584677659694636,0.3094170403587444
LG에너지솔루션,2023Q2,0.29803371734432743,-0.05631399317406138
LG에너지솔루션,2023Q3,0.3565607321525784,-0.1684118673647469
LG에너지솔루션,2023Q4,0.641513097418748,-0.0625
LG에너지솔루션,2024Q1,0.3057719871699854,-0.08032596041909201
LG에너지솔루션,2024Q2,0.3323906853405564,-0.17446270543615672
LG에너지솔루션,2024Q3,0.46312086408526326,0.1945244956772334
LG에너지솔루션,2024Q4,0.49806160492332563,-0.1481028151774786
LG에너지솔루션,2025Q1,0.4411189101312396,-0.033236994219653204
LG에너지솔루션,2025Q2,0.4658112771646969,-0.09451219512195119
LG에너지솔루션,2025Q3,0.3701410629144541,0.16806722689075637
LG에너지솔루션,2025Q4,0.6392708129546165,0.060431654676258884
LG화학,2023Q1,0.3721845960437063,0.17880797490916778
LG화학,2023Q2,0.36321502456922855,-0.06320232998054776
LG화학,2023Q3,0.35402019924562744,-0.28147607202040115
LG화학,2023Q4,0.46200541578577803,0.03412802132868853
LG화학,2024Q1,0.3517643619532329,-0.11043564217478918
LG화학,2024Q2,0.3286558870028885,-0.19744477725414855
LG화학,2024Q3,0.46570601553781804,0.002812910421452708
LG화학,2024Q4,0.4367095325102338,-0.2927864378566226
LG화학,2025Q1,0.50394791393848,0.014079079876569756
LG화학,2025Q2,0.4507966423486143,-0.1331967063879037
LG화학,2025Q3,0.4311851620170523,0.2139737601435372
LG화학,2025Q4,0.5530209707153968,0.18294841561438147
포스코퓨처엠,2023Q1,0.5476760806211114,0.42297663578373124
포스코퓨처엠,2023Q2,0.5683478045354561,0.22357012198497084
포스코퓨처엠,2023Q3,0.7425218955009989,-0.025745231006932046
포스코퓨처엠,2023Q4,0.9148820171308929,0.06845241257044932
포스코퓨처엠,2024Q1,0.45115792778250485,-0.13711041072545427
포스코퓨처엠,2024Q2,0.4988419620148282,-0.12668917740498298
포스코퓨처엠,2024Q3,0.6490854004179634,-0.07063199663538078
포스코퓨처엠,2024Q4,0.5861848961385119,-0.4293172468222217
포스코퓨처엠,2025Q1,0.6006848323462027,-0.12762870243514413
포스코퓨처엠,2025Q2,0.6090323135584629,0.06040264184496058
포스코퓨처엠,2025Q3,0.5769775465733065,0.14800002653173516
포스코퓨처엠,2025Q4,0.6480797195393301,0.2677967119142941
SK이노베이션,2023Q1,0.5163072766406093,0.1567741792138495
SK이노베이션,2023Q2,0.40238369559685827,-0.11944444268961762
SK이노베이션,2023Q3,0.5187071848082929,-0.07065035958871446
SK이노베이션,2023Q4,0.5115157227051735,-0.005669741210458046
SK이노베이션,2024Q1,0.3336129742468765,-0.1726105740722208
SK이노베이션,2024Q2,0.5381145248194994,-0.011073244022349327
SK이노베이션,2024Q3,0.4375154917252883,0.01561142386464498
SK이노베이션,2024Q4,0.4794624393511768,-0.035314389403449775
SK이노베이션,2025Q1,0.42507604418368444,0.012612584465892862
SK이노베이션,2025Q2,0.6646390846253479,0.11171662125340598
SK이노베이션,2025Q3,0.38331322974003,-0.2055335968379447
SK이노베이션,2025Q4,0.4459922086787769,0.013013013013013053
한국전력,2023Q1,0.2192581627500997,-0.06925063036909385
한국전력,2023Q2,0.23648933697000418,0.15148118783089348
한국전력,2023Q3,0.20031380430332726,-0.12736077739991458
한국전력,2023Q4,0.2580432435999474,0.0800000186381391
한국전력,2024Q1,0.39651563330618605,0.16772821114318726
한국전력,2024Q2,0.34487437203932175,-0.11447960152966619
한국전력,2024Q3,0.33853717878058837,0.05222739113243802
한국전력,2024Q4,0.33360728839158893,0.010551332731428387
한국전력,2025Q1,0.29520037425667306,0.10685070636120075
한국전력,2025Q2,0.5945521303600111,0.8321679768521824
한국전력,2025Q3,0.38979358546544973,-0.050065929098498385
한국전력,2025Q4,0.5036144201118974,0.3713064965123225
S-Oil,2023Q1,0.27165955766496586,-0.032608706214101835
S-Oil,2023Q2,0.2129575030448963,-0.18617442468680678
S-Oil,2023Q3,0.2775952952195768,0.19277101956377463
S-Oil,2023Q4,0.26286382158594906,-0.04549188531711934
S-Oil,2024Q1,0.2823241395361048,0.14431490217335563
S-Oil,2024Q2,0.26575112838186543,-0.14743586839896805
S-Oil,2024Q3,0.24046007592470953,-0.100944228065322
S-Oil,2024Q4,0.29331329884684276,-0.09121060562414618
S-Oil,2025Q1,0.32852176068767786,0.023722643655887943
S-Oil,2025Q2,0.3582407794690997,0.05643741634113031
S-Oil,2025Q3,0.26194407822778776,0.009708734170617905
S-Oil,2025Q4,0.4918312858558303,0.330128122609483
한화솔루션,2023Q1,0.4422665489732783,0.13193261255619793
한화솔루션,2023Q2,0.39699062198197543,-0.16237627145038702
한화솔루션,2023Q3,0.40139767311522867,-0.30733411388849785
한화솔루션,2023Q4,0.5506529457221339,0.4294657003797362
한화솔루션,2024Q1,0.47084356602373767,-0.26554406336067693
한화솔루션,2024Q2,0.6542535142423472,-0.04991393393225896
한화솔루션,2024Q3,0.5922579987884529,-0.024528348798084965
한화솔루션,2024Q4,0.5248959297832916,-0.3375478763292782
한화솔루션,2025Q1,0.6091690087165441,0.13993808049535605
한화솔루션,2025Q2,0.8514947683305356,0.5871421396283274
한화솔루션,2025Q3,0.5069078827943096,-0.14520958083832336
한화솔루션,2025Q4,0.5261210966564952,-0.05300353356890464
롯데케미칼,2023Q1,0.343534974388105,0.08717944302905511
롯데케미칼,2023Q2,0.2933136528296463,-0.16926378175382706
롯데케미칼,2023Q3,0.32348313138522167,-0.13446960822881848
롯데케미칼,2023Q4,0.3919442589119975,0.19396446716330695
롯데케미칼,2024Q1,0.39564795524350993,-0.18399456888469023
롯데케미칼,2024Q2,0.5031908565455284,-0.07871481992054541
롯데케미칼,2024Q3,0.529568570148889,-0.09116103777944395
롯데케미칼,2024Q4,0.6280777747319357,-0.3989949913850984
롯데케미칼,2025Q1,0.6316853158955094,0.14746936864534965
롯데케미칼,2025Q2,0.5125104123007987,-0.10365854542003561
롯데케미칼,2025Q3,0.4291907225444323,0.11110046147675012
롯데케미칼,2025Q4,0.5358620888345083,0.03534601571031781
한국타이어앤테크놀로지,2023Q1,0.34856434528678976,0.12258078555884566
한국타이어앤테크놀로지,2023Q2,0.2730199644650989,0.017751496327303773
한국타이어앤테크놀로지,2023Q3,0.3129553822007983,0.11549302654553184
한국타이어앤테크놀로지,2023Q4,0.3601424731836879,0.2718325908482675
한국타이어앤테크놀로지,2024Q1,0.36876597555045615,0.1951488160124204
한국타이어앤테크놀로지,2024Q2,0.5315512394915571,-0.16758745920055684
한국타이어앤테크놀로지,2024Q3,0.4018231295141938,-0.07683732365986862
한국타이어앤테크놀로지,2024Q4,0.37069119988760707,-0.00646831048157126
한국타이어앤테크놀로지,2025Q1,0.2839659353682403,0.08603967284360192
한국타이어앤테크놀로지,2025Q2,0.26556454359875126,0.010165176185192859
한국타이어앤테크놀로지,2025Q3,0.36475087949146606,-0.030292657325923678
한국타이어앤테크놀로지,2025Q4,0.45019958478671435,0.5221932218761003
금호석유,2023Q1,0.35441522492001515,0.1876032888478305
금호석유,2023Q2,0.32432459840098765,-0.06285308608380313
금호석유,2023Q3,0.34867250071455685,-0.003714809773198713
금호석유,2023Q4,0.42018606437126477,0.05729760475510637
금호석유,2024Q1,0.47653217690753175,0.050270736156701856
금호석유,2024Q2,0.43841636094844216,0.053956773600473795
금호석유,2024Q3,0.5304781972821424,0.0741496515979656
금호석유,2024Q4,0.5051224905716525,-0.4074686540134894
금호석유,2025Q1,0.5160774055089287,0.35617973807454417
금호석유,2025Q2,0.4258433683140788,-0.06494588227937115
금호석유,2025Q3,0.3149634522734905,-0.08581434679885946
금호석유,2025Q4,0.31807707535380986,0.14711520898827013
KB금융,2023Q1,0.34561551502389537,0.011789458210277992
KB금융,2023Q2,0.20911742331570884,0.020320743189253587
KB금융,2023Q3,0.2346540105892882,0.14688071087176224
KB금융,2023Q4,0.29758913900933776,-0.010968954008933496
KB금융,2024Q1,0.4729187573107525,0.34451053064118464
KB금융,2024Q2,0.397128068252345,0.15928291918805781
KB금융,2024Q3,0.43877789686489194,0.026380596643837073
KB금융,2024Q4,0.439061621284969,0.019680178888986433
KB금융,2025Q1,0.2716797452607417,-0.04332004699156933
KB금융,2025Q2,0.3756824835769041,0.40679272902193464
KB금융,2025Q3,0.37938830514715655,0.05082545742420286
KB금융,2025Q4,0.2959601835526899,0.0796814343485932
삼성생명,2023Q1,0.19289522929630243,-0.10795453718929282
삼성생명,2023Q2,0.16448954925831027,0.07852565589142402
삼성생명,2023Q3,0.21660967876389867,0.0338235142937271
삼성생명,2023Q4,0.16629182764800635,0.012294994659358238
삼성생명,2024Q1,0.53323759543907,0.353372336226526
삼성생명,2024Q2,0.4106044743033475,-0.03278693523193621
삼성생명,2024Q3,0.40460069123746184,0.06514279044582705
삼성생명,2024Q4,0.39666513025407196,0.0941979312215524
삼성생명,2025Q1,0.418471374902158,-0.09398906920550554
삼성생명,2025Q2,0.45741822037151825,0.5257485269706474
삼성생명,2025Q3,0.3553346451916162,0.20461543813613225
삼성생명,2025Q4,0.3678835830607187,0.05037704707878987
삼성화재,2023Q1,0.24161217171733948,0.0591259203226735
삼성화재,2023Q2,0.2465021724173606,0.11111120753770543
삼성화재,2023Q3,0.259585112988166,0.1252700363918149
삼성화재,2023Q4,0.31589225466720594,0.013487464710935537
삼성화재,2024Q1,0.48955556708705183,0.236139336707899
삼성화재,2024Q2,0.4524536161106556,0.27540974597347856
삼성화재,2024Q3,0.4354258789158935,-0.0739247146209312
삼성화재,2024Q4,0.44371858019503985,0.07496255903087667
삼성화재,2025Q1,0.4629099581434559,0.05698849832133468
삼성화재,2025Q2,0.3847074263277589,0.20221610044538196
삼성화재,2025Q3,0.35822058890239605,0.02730372747663523
삼성화재,2025Q4,0.8109807009717014,0.10077518765189541
기업은행,2023Q1,0.2038261774371986,0.06765330349148391
기업은행,2023Q2,0.1203628811978365,0.04655867843961414
기업은행,2023Q3,0.12348726147995098,0.07788458397261988
기업은행,2023Q4,0.1533295394520272,0.06943176340773838
기업은행,2024Q1,0.2826012245245952,0.22664882473593573
기업은행,2024Q2,0.2050889368035295,0.05334334485532333
기업은행,2024Q3,0.22612390908618002,0.008664292536942009
기업은행,2024Q4,0.2068634465918611,0.03242075372257425
기업은행,2025Q1,0.13025919220165666,0.06178113475366742
기업은행,2025Q2,0.2274959002656503,0.25154212095053374
기업은행,2025Q3,0.2735590536273634,0.053600513246794046
기업은행,2025Q4,0.1999839010003696,0.08944362400961858
DB손해보험,2023Q1,0.3305241463438357,0.18138800023209534
DB손해보험,2023Q2,0.34971618455885817,0.041899356813936306
DB손해보험,2023Q3,0.33441699249457724,0.17631576361474566
DB손해보험,2023Q4,0.27597633923694437,-0.06584820785447154
DB손해보험,2024Q1,0.4299027846392442,0.2248116460005769
DB손해보험,2024Q2,0.4140037031138397,0.22854075342330926
DB손해보험,2024Q3,0.48429176177749206,0.03027526546068504
DB손해보험,2024Q4,0.41959334151416233,-0.055147143250584785
DB손해보험,2025Q1,0.32643282083269853,-0.0720649796108539
DB손해보험,2025Q2,0.3584113290905976,0.3838383995065522
DB손해보험,2025Q3,0.30326853464785447,0.10095391890784522
DB손해보험,2025Q4,0.3452737125901045,-0.03885630262568929
미래에셋증권,2023Q1,0.33415091621822357,0.08026759029130459
미래에셋증권,2023Q2,0.2664046024981686,0.13322879535067367
미래에셋증권,2023Q3,0.19876490937341718,-0.12719885534395226
미래에셋증권,2023Q4,0.30050876088884065,0.24877252746407752
미래에셋증권,2024Q1,0.4123604655131982,0.09203128758943202
미래에셋증권,2024Q2,0.3171851392852735,-0.08155579473091379
미래에셋증권,2024Q3,0.3914582575662017,0.16782247181519172
미래에셋증권,2024Q4,0.4162076978070205,-0.05306599989470895
미래에셋증권,2025Q1,0.29752543304830315,0.17139982965346157
미래에셋증권,2025Q2,0.6937087489162008,1.294117678138015
미래에셋증권,2025Q3,0.5301832096840675,-0.013856748853683043
미래에셋증권,2025Q4,0.6321942041280902,0.11190484188632666
삼성카드,2023Q1,0.12229478938226643,0.051903072358221225
삼성카드,2023Q2,0.08964006698808817,-0.021452203942329162
삼성카드,2023Q3,0.1032701128469856,0.026981429058670958
삼성카드,2023Q4,0.10773321005365283,0.07475077272487396
삼성카드,2024Q1,0.2651583727139358,0.25471290841566385
삼성카드,2024Q2,0.42827289792182727,0.042176911587802346
삼성카드,2024Q3,0.3176761917489672,0.07722511979065083
삼성카드,2024Q4,0.24484186725544616,-0.02472190802457197
삼성카드,2025Q1,0.19081920125446303,0.09357268951705722
삼성카드,2025Q2,0.25113554953102446,0.2303860631137309
삼성카드,2025Q3,0.2707627259739604,0.03564353011125454
삼성카드,2025Q4,0.222418345159667,0.10256411500584828
삼성증권,2023Q1,0.2504473805742905,0.04276319544609586
삼성증권,2023Q2,0.17079301914249,0.14285715349128592
삼성증권,2023Q3,0.212297395865098,0.015193257258118376
삼성증권,2023Q4,0.21401880418517924,0.1322871246489199
삼성증권,2024Q1,0.32137270573953003,0.052493365902520184
삼성증권,2024Q2,0.24107480100394466,0.015306114366730794
삼성증권,2024Q3,0.35403683432261596,0.10253167030231047
삼성증권,2024Q4,0.2872764625706819,0.07865166591653394
삼성증권,2025Q1,0.2121439950599479,0.05110339313807244
삼성증권,2025Q2,0.34855816243930826,0.6229327337174146
삼성증권,2025Q3,0.3124051527829757,-0.02316072020017812
삼성증권,2025Q4,0.37890747540683734,0.11479840828891064
현대해상,2023Q1,0.3272970419984169,0.17361106332335052
현대해상,2023Q2,0.3064749613912422,-0.05909092259636661
현대해상,2023Q3,0.36583788825807345,0.03674124929925271
현대해상,2023Q4,0.2517102574420563,-0.05631659723271387
현대해상,2024Q1,0.3493239714930307,0.06462446387847676
현대해상,2024Q2,0.32872519104407666,0.12929623567921444
현대해상,2024Q3,0.33357538074970955,-0.025110782865583436
현대해상,2024Q4,0.32713773990324774,-0.20193861066235863
현대해상,2025Q1,0.35032000187985696,-0.126
현대해상,2025Q2,0.3234287418969046,0.19413092550790068
현대해상,2025Q3,0.3302724822520474,0.016245487364620947
현대해상,2025Q4,0.3121249602756998,0.1079136690647482
한화생명,2023Q1,0.5141995046803104,-0.09090903782585658
한화생명,2023Q2,0.30260090028672726,0.07053939298833045
한화생명,2023Q3,0.38999898635829133,0.10231660097608852
한화생명,2023Q4,0.29868667132921883,-0.032478648394372756
한화생명,2024Q1,0.49374571741961276,0.08291446203384245
한화생명,2024Q2,0.2975041889580989,0.05820105820105814
한화생명,2024Q3,0.35676382715647215,-0.038525963149078746
한화생명,2024Q4,0.3099039359747077,-0.11985688729874777
한화생명,2025Q1,0.3074390179630432,0.04089979550102241
한화생명,2025Q2,0.35379274595829163,0.2746615087040618
한화생명,2025Q3,0.4442916835731403,-0.07771260997067453
한화생명,2025Q4,0.32427897638445097,0.03662420382165599
삼성바이오로직스,2023Q1,0.173190298310687,-0.04715838187838428
삼성바이오로직스,2023Q2,0.16896321849112877,-0.04370182151357249
삼성바이오로직스,2023Q3,0.274685942416897,-0.08344550686204377
삼성바이오로직스,2023Q4,0.2465031570665867,0.09985529735340881
삼성바이오로직스,2024Q1,0.2841383724484996,0.05323193054414532
삼성바이오로직스,2024Q2,0.1841596382632548,-0.10906866420212746
삼성바이오로직스,2024Q3,0.3773812520850223,0.28722006769982333
삼성바이오로직스,2024Q4,0.3161019501632708,-0.028659156267076824
삼성바이오로직스,2025Q1,0.3103345007890042,0.085653101383657
삼성바이오로직스,2025Q2,0.37029393430405794,-0.062381855311908097
삼성바이오로직스,2025Q3,0.24609704313806977,-0.005981995248836247
삼성바이오로직스,2025Q4,0.3530297931504645,0.09692860798708014
셀트리온,2023Q1,0.2745416113535824,-0.06374985043672476
셀트리온,2023Q2,0.33992005282766563,0.019333353109817653
셀트리온,2023Q3,0.30531355592883064,-0.08179415442695581
셀트리온,2023Q4,0.39624834416924615,0.4866449529589565
셀트리온,2024Q1,0.4526231027690647,-0.17408208068794329
셀트리온,2024Q2,0.32124617279366,-0.07336515337652216
셀트리온,2024Q3,0.3707208216877118,0.0613796174537542
셀트리온,2024Q4,0.3294896412821592,0.03481201725025174
셀트리온,2025Q1,0.27878248430120456,-0.06267330512363212
셀트리온,2025Q2,0.30304775024481684,-0.050434821248451445
셀트리온,2025Q3,0.29808421522960826,0.08104734629667498
셀트리온,2025Q4,0.27418883378018594,0.038020084219057004
SK바이오팜,2023Q1,0.31624689498116404,-0.11344537815126055
SK바이오팜,2023Q2,0.4225875649641393,0.3027375201288245
SK바이오팜,2023Q3,0.49400568841845954,0.04611650485436902
SK바이오팜,2023Q4,0.37603396971078706,0.24720496894409938
SK바이오팜,2024Q1,0.37285497513491883,-0.11057225994180409
SK바이오팜,2024Q2,0.2835383058741023,-0.15760869565217395
SK바이오팜,2024Q3,0.46332995723721326,0.3181242078580482
SK바이오팜,2024Q4,0.4795503604776089,0.07759456838021328
SK바이오팜,2025Q1,0.48081566304807954,-0.08563535911602205
SK바이오팜,2025Q2,0.40205779330388636,-0.09270216962524658
SK바이오팜,2025Q3,0.46624614947779813,0.09740259740259738
SK바이오팜,2025Q4,0.35664363201828325,0.20736434108527124
유한양행,2023Q1,0.18967313537905153,-0.10283682385497661
유한양행,2023Q2,0.22542388504208183,0.20079520473226808
유한양행,2023Q3,0.4530831672875374,0.2570481490583314
유한양행,2023Q4,0.5373244111430376,-0.07934620105134693
유한양행,2024Q1,0.3353640531707121,0.1312684949236329
유한양행,2024Q2,0.3946739249647855,0.02146454648668028
유한양행,2024Q3,0.748974780776877,0.7016705280165314
유한양행,2024Q4,0.4906990360431216,-0.138402973956812
유한양행,2025Q1,0.49677645156193867,-0.07692309735136649
유한양행,2025Q2,0.3146574662500873,-0.05272730583161167
유한양행,2025Q3,0.47196669500429406,0.1353670508944016
유한양행,2025Q4,0.28921621938686637,-0.061769613290456715
한미약품,2023Q1,0.29880223734702227,-0.0840786252612653
한미약품,2023Q2,0.4381450407985155,0.21456680765956238
한미약품,2023Q3,0.467070724396741,-0.03548381101865494
한미약품,2023Q4,0.3448385287794125,0.24596209681523762
한미약품,2024Q1,0.32384158547821973,-0.06983254383543902
한미약품,2024Q2,0.2759811351674638,-0.17455996355927583
한미약품,2024Q3,0.45877051457335405,0.1260945197575598
한미약품,2024Q4,0.5075077683328879,-0.10910208422054035
한미약품,2025Q1,0.38887311550220727,-0.19030520070084755
한미약품,2025Q2,0.45913487386493745,0.23542107296112347
한미약품,2025Q3,0.38708859755625075,0.27874564383774825
한미약품,2025Q4,0.6205595340487307,0.25381410695603557
HLB,2023Q1,0.7558002562175686,0.24551975949848037
HLB,2023Q2,0.4599132352591342,-0.032738098144531214
HLB,2023Q3,0.4468092969901325,-0.029275803094158115
HLB,2023Q4,0.5656502267208727,0.6815920398009949
HLB,2024Q1,0.90303588079956,0.9774436090225564
HLB,2024Q2,1.249989119049877,-0.43965517241379315
HLB,2024Q3,0.7829761997034747,0.3690095846645367
HLB,2024Q4,0.6977268054921073,-0.13593380614657213
HLB,2025Q1,0.9917565447720873,-0.24931880108991822
HLB,2025Q2,0.36658161834301434,-0.153448275862069
HLB,2025Q3,0.34055624040648064,-0.2425149700598802
HLB,2025Q4,0.5442597641400299,0.3403693931398417
대웅제약,2023Q1,0.5144002692200736,-0.3445482412831319
대웅제약,2023Q2,0.3497331173892884,-0.06956524121822216
대웅제약,2023Q3,0.35623000793502596,0.17622523830267567
대웅제약,2023Q4,0.2857465722135619,0.09158869449602025
대웅제약,2024Q1,0.3033027919282655,0.033219783333017894
대웅제약,2024Q2,0.24066354954424124,-0.18145486306148817
대웅제약,2024Q3,0.5965555740795722,0.33494204171068453
대웅제약,2024Q4,0.4424396103729111,-0.06260452585392451
대웅제약,2025Q1,0.3955616348934906,-0.10883281254434063
대웅제약,2025Q2,0.45972360752144,0.2720848012488908
대웅제약,2025Q3,0.3538170893025419,-0.07586204510211192
대웅제약,2025Q4,0.41742077008297895,0.26663381541964015
JW중외제약,2023Q1,0.29248980939580504,0.16154901517222786
JW중외제약,2023Q2,0.4438430729507217,0.09692660682361498
JW중외제약,2023Q3,0.7549700049819299,0.6025103291834675
JW중외제약,2023Q4,0.6192770170055861,-0.019494560950992446
JW중외제약,2024Q1,0.4539669532999349,-0.06187049635777153
JW중외제약,2024Q2,0.3088931269641024,-0.0902255583930821
JW중외제약,2024Q3,0.5126652926197812,-0.08319460225783182
JW중외제약,2024Q4,0.37100111079642345,-0.11217517497957386
JW중외제약,2025Q1,0.28633430758222234,-0.13361169710893916
JW중외제약,2025Q2,0.27904110327385306,0.044289130784133324
JW중외제약,2025Q3,0.18077693377066825,-0.05764960267749608
JW중외제약,2025Q4,0.312616336272254,0.2056737695679547
SK바이오사이언스,2023Q1,0.37060490196283763,-0.01904761904761909
SK바이오사이언스,2023Q2,0.5211216007751722,0.09958506224066399
SK바이오사이언스,2023Q3,0.3726584806664742,-0.1408629441624365
SK바이오사이언스,2023Q4,0.3718753902768951,0.0992366412213741
SK바이오사이언스,2024Q1,0.20393765225028726,-0.16371077762619368
SK바이오사이언스,2024Q2,0.2839731956372019,-0.1488673139158576
SK바이오사이언스,2024Q3,0.45538374793002734,0.029739776951672958
SK바이오사이언스,2024Q4,0.6064421287341032,-0.05794392523364489
SK바이오사이언스,2025Q1,0.3518584710864957,-0.18587746625129797
SK바이오사이언스,2025Q2,0.4386721384082033,0.21039290240811148
SK바이오사이언스,2025Q3,0.2951564677888399,-0.03305785123966942
SK바이오사이언스,2025Q4,0.49816147018452206,0.026624068157614422
GC녹십자,2023Q1,0.27089056159337394,-0.038582606520686125
GC녹십자,2023Q2,0.3063780393171663,-0.044129820974022294
GC녹십자,2023Q3,0.3057308138797535,-0.062931113052486
GC녹십자,2023Q4,0.3315495605958428,0.20874640812584322
GC녹십자,2024Q1,0.23811119302752992,-0.03577104284891108
GC녹십자,2024Q2,0.22089733384821433,-0.07299265266151689
GC녹십자,2024Q3,0.5611258162156945,0.3082901317540183
GC녹십자,2024Q4,0.5141664532691094,0.24286033519553074
GC녹십자,2025Q1,0.35879473558517605,-0.29176336129776703
GC녹십자,2025Q2,0.3155488459658394,-0.02244578512151385
GC녹십자,2025Q3,0.36532676467239455,0.003884989259627103
GC녹십자,2025Q4,0.3969689960961382,0.22969839116240265
현대차,2023Q1,0.23548308680481772,0.17515944071883371
현대차,2023Q2,0.23130819944839157,0.13297728834295497
현대차,2023Q3,0.16854466426647038,-0.07627038523143659
현대차,2023Q4,0.2154921898178128,0.06656197396288355
현대차,2024Q1,0.43868620628245364,0.2144728419770099
현대차,2024Q2,0.3720452445714493,0.30572388068949286
현대차,2024Q3,0.4222759310301243,-0.14021390701037695
현대차,2024Q4,0.3373466950664793,-0.10548529433883469
현대차,2025Q1,0.32261367130975616,-0.03950003995945495
현대차,2025Q2,0.3684539270132481,0.0386404906815192
현대차,2025Q3,0.26335778155496786,0.03557740851616753
현대차,2025Q4,0.4583059965727332,0.389150587900011
기아,2023Q1,0.31539339924533955,0.3170732250398196
기아,2023Q2,0.2735126108237702,0.08990152726227763
기아,2023Q3,0.20935416186951128,-0.08022600373667654
기아,2023Q4,0.2523618092031718,0.22100140460287498
기아,2024Q1,0.46243326531233636,0.18075644536509627
기아,2024Q2,0.32940781011915166,0.18951236446035313
기아,2024Q3,0.39493744412567233,-0.2231725732486195
기아,2024Q4,0.3418854751656813,0.020263464575620782
기아,2025Q1,0.29210510922378036,-0.027559074738355394
기아,2025Q2,0.3661109167086306,0.039699514951229586
기아,2025Q3,0.29997756465162223,0.020263475167606293
기아,2025Q4,0.3093059983658768,0.2107355400643196
현대모비스,2023Q1,0.24848038543379694,0.0666666721124427
현대모비스,2023Q2,0.2899427186350309,0.09117227995745258
현대모비스,2023Q3,0.24284771818669235,0.03663786983525519
현대모비스,2023Q4,0.25115161452576895,0.017167399873386557
현대모비스,2024Q1,0.3885340432171133,0.09491518681511946
현대모비스,2024Q2,0.30626273622627564,0.00597600687116473
현대모비스,2024Q3,0.2801515624394578,-0.12121215887215142
현대모비스,2024Q4,0.3028475819008091,0.10256415674951258
현대모비스,2025Q1,0.3369636913333224,0.06588682753666064
현대모비스,2025Q2,0.42069645089233143,0.0975143775225149
현대모비스,2025Q3,0.2720512888308575,0.04175537910477667
현대모비스,2025Q4,0.37102047634076124,0.2622673802375892
고려아연,2023Q1,0.2939510402250961,0.025974100417844426
고려아연,2023Q2,0.20733628208370772,-0.10307083521015248
고려아연,2023Q3,0.4423807173650106,0.03265302506222967
고려아연,2023Q4,0.285112659535851,0.03185696109107439
고려아연,2024Q1,0.21634980127327222,-0.06995884828802512
고려아연,2024Q2,0.3030313441113892,0.16407985143006654
고려아연,2024Q3,0.4979355510398442,0.3463797394869017
고려아연,2024Q4,1.4970228829077967,0.4196743917938375
고려아연,2025Q1,0.7994863629669946,-0.18704284581984787
고려아연,2025Q2,0.45683904054490626,0.06088082933511196
고려아연,2025Q3,0.4756374686453106,0.13844253074980895
고려아연,2025Q4,0.8838368843138764,0.45457791024212546
HD현대중공업,2023Q1,0.32940206428678115,-0.14893609820708986
HD현대중공업,2023Q2,0.29989802110732633,0.3117529333716198
HD현대중공업,2023Q3,0.32380695695947886,-0.07902734239756803
HD현대중공업,2023Q4,0.4211592978313192,0.10729609309778998
HD현대중공업,2024Q1,0.35479820050241645,-0.070866107216076
HD현대중공업,2024Q2,0.4372425598443463,0.2835945899483441
HD현대중공업,2024Q3,0.5758464499485638,0.19019977940735333
HD현대중공업,2024Q4,0.5984956016124423,0.5701803612785306
HD현대중공업,2025Q1,0.6190834246679545,-0.02769007432475501
HD현대중공업,2025Q2,0.5199753453343083,0.4783418000350377
HD현대중공업,2025Q3,0.4493904001697188,0.224732436534528
HD현대중공업,2025Q4,0.5073463929494366,-0.035984907619290296
두산에너빌리티,2023Q1,0.3492563553095232,0.11475409836065564
두산에너빌리티,2023Q2,0.36646719523205196,0.061547479484173495
두산에너빌리티,2023Q3,0.36509808364434704,-0.0922651933701657
두산에너빌리티,2023Q4,0.35315460433941037,0.008243500317057784
두산에너빌리티,2024Q1,0.3028310259181799,0.0755777638975641
두산에너빌리티,2024Q2,0.5188030062509171,0.16386797915460338
두산에너빌리티,2024Q3,0.501505171800637,-0.10225563909774438
두산에너빌리티,2024Q4,0.5217434843771143,0.013864818024263537
두산에너빌리티,2025Q1,0.5437521992761726,0.29844961240310086
두산에너빌리티,2025Q2,0.6374609424393031,1.8679245283018866
두산에너빌리티,2025Q3,0.5996936651677072,0.0032000000000000917
두산에너빌리티,2025Q4,0.6409335796140813,0.16563467492260053
대한항공,2023Q1,0.19507720297461706,0.022026452534750218
대한항공,2023Q2,0.18615927411668523,0.05183600104458397
대한항공,2023Q3,0.232341784169586,-0.11224487472782818
대한항공,2023Q4,0.25519163055981914,0.1748079422028621
대한항공,2024Q1,0.2193075992928659,-0.09205011606222191
대한항공,2024Q2,0.2236814423617551,0.05442175139565553
대한항공,2024Q3,0.21844145823851802,-0.042462761632263035
대한항공,2024Q4,0.27843938215575786,0.034827354431811175
대한항공,2025Q1,0.2646377737460068,-0.09554133485855454
대한항공,2025Q2,0.3586007721860223,0.06511627950520116
대한항공,2025Q3,0.2643042414164715,-0.006550190129809286
대한항공,2025Q4,0.2005214414327986,-0.006607989474601728
POSCO홀딩스,2023Q1,0.36039071420788904,0.362933474026931
POSCO홀딩스,2023Q2,0.4056408200952019,-0.0038100141233282647
POSCO홀딩스,2023Q3,0.6242920816952856,0.337047220681683
POSCO홀딩스,2023Q4,0.6087392520070818,-0.02250494490735855
POSCO홀딩스,2024Q1,0.3028344611259124,-0.12504246058835577
POSCO홀딩스,2024Q2,0.23978746808607088,-0.12557326903116472
POSCO홀딩스,2024Q3,0.4485258659592742,0.04596366132219831
POSCO홀딩스,2024Q4,0.44030155593949305,-0.32490015176203135
POSCO홀딩스,2025Q1,0.489708187162924,0.12396422076035685
POSCO홀딩스,2025Q2,0.33256681057082543,-0.05642178732083081
POSCO홀딩스,2025Q3,0.35467015407647845,0.008237299454634028
POSCO홀딩스,2025Q4,0.35795542675805775,0.11833334697626663
현대제철,2023Q1,0.37553580963777156,0.13957314529817433
현대제철,2023Q2,0.2794700440630953,-0.03433480627632479
현대제철,2023Q3,0.29552304744184715,0.11094892875986462
현대제철,2023Q4,0.29110019255740543,-0.004092745813348397
현대제철,2024Q1,0.3569542863811941,-0.10365213014988262
현대제철,2024Q2,0.24234919375252692,-0.1102603474177537
현대제철,2024Q3,0.3277262386286266,-0.04778153816607933
현대제철,2024Q4,0.45106172000152317,-0.24551975029582818
현대제철,2025Q1,0.5332441499462359,0.23284829013478414
현대제철,2025Q2,0.42544672589013344,0.19512200622652687
현대제철,2025Q3,0.46098059613873194,0.13166669869980474
현대제철,2025Q4,0.31240997070383786,-0.06334841791235335
현대건설,2023Q1,0.3298505270661739,0.08482139992102611
현대건설,2023Q2,0.29236797526870384,0.013297633767599404
현대건설,2023Q3,0.3194002322231192,-0.06451613580615823
현대건설,2023Q4,0.2895292016713546,-0.023776289672434836
현대건설,2024Q1,0.26289312793707287,-0.02775556384840694
현대건설,2024Q2,0.20601957977985502,-0.03463857796873415
현대건설,2024Q3,0.32803927941591954,-0.08132529939169963
현대건설,2024Q4,0.2844864986074964,-0.1617161975210114
현대건설,2025Q1,0.4497681286158324,0.4377981052559501
현대건설,2025Q2,0.5536875806496442,1.1565933814014477
현대건설,2025Q3,0.3570915904277736,-0.2916666538839082
현대건설,2025Q4,0.6685592932631489,0.24733097316268382
삼성전자,2023Q1,0.2388551884056313,0.15983093028761486
삼성전자,2023Q2,0.19632332817122308,0.14992548669728523
삼성전자,2023Q3,0.21486256834003503,-0.05811412191911092
삼성전자,2023Q4,0.18604366674532946,0.1684696044758911
삼성전자,2024Q1,0.2530614270333713,0.039880255063352577
삼성전자,2024Q2,0.27891161999238917,-0.001664487569744244
삼성전자,2024Q3,0.3807302817327715,-0.24394778921397642
삼성전자,2024Q4,0.35463773688688616,-0.12621946299878883
삼성전자,2025Q1,0.29189334236837455,0.08882780577482774
삼성전자,2025Q2,0.3133472382410439,0.023244825021377924
삼성전자,2025Q3,0.30500059295430315,0.39990584551591235
삼성전자,2025Q4,0.43686589704723416,0.4009634362162815
SK하이닉스,2023Q1,0.371363057541367,0.1744638079518046
SK하이닉스,2023Q2,0.32957268140402984,0.3245774149862164
SK하이닉스,2023Q3,0.34749476912135613,-0.022152616188301444
SK하이닉스,2023Q4,0.34025148948212885,0.22878647796832818
SK하이닉스,2024Q1,0.4140561924730339,0.2872433258070284
SK하이닉스,2024Q2,0.41965064726071405,0.2765485412590567
SK하이닉스,2024Q3,0.6386651567856559,-0.2573671377492317
SK하이닉스,2024Q4,0.46931891735220227,0.028385452401858524
SK하이닉스,2025Q1,0.5259287491378748,0.12110349272625487
SK하이닉스,2025Q2,0.5053759656900931,0.4849104834035023
SK하이닉스,2025Q3,0.48747932759734997,0.21892083348718794
SK하이닉스,2025Q4,0.6575237331142703,0.8096283094468995
NAVER,2023Q1,0.33625158158742624,0.12534812551289076
NAVER,2023Q2,0.27063168984469543,-0.07562351610651796
NAVER,2023Q3,0.42597049973464723,0.06444804707259633
NAVER,2023Q4,0.30355126374408475,0.17585849842982593
NAVER,2024Q1,0.31956458296895146,-0.1762637503963158
NAVER,2024Q2,0.22885950053159754,-0.14101902968879698
NAVER,2024Q3,0.3677200680613435,0.0399016681237816
NAVER,2024Q4,0.3188748992476012,0.1825207465895109
NAVER,2025Q1,0.3468498147510608,-0.009613526775714365
NAVER,2025Q2,0.5297412598700116,0.3345195115371029
NAVER,2025Q3,0.3778846930635201,0.02480912476806707
NAVER,2025Q4,0.40688554949306965,-0.04715130882591334
카카오,2023Q1,0.3838849098840047,0.15939290177786725
카카오,2023Q2,0.21479902514566823,-0.18438534797131634
카카오,2023Q3,0.31413139442439336,-0.1382352570252502
카카오,2023Q4,0.40529794129278235,0.3052884533800435
카카오,2024Q1,0.37003387337504645,-0.0715417174959545
카카오,2024Q2,0.27878572433199644,-0.24442373003419338
카카오,2024Q3,0.3440549767126889,-0.11829265845620518
카카오,2024Q4,0.4514635434053982,0.061111118365982486
카카오,2025Q1,0.4669659755513109,0.04563532039312301
카카오,2025Q2,0.624776548753807,0.421800981694338
카카오,2025Q3,0.42349674897293416,-0.00831947470172456
카카오,2025Q4,0.4134305014092042,0.0016666550401547298
LG전자,2023Q1,0.3207027427377478,0.33449063314069494
LG전자,2023Q2,0.29844449063503947,0.1133567885102027
LG전자,2023Q3,0.2808788935856082,-0.20613695174960844
LG전자,2023Q4,0.29566618513487447,0.04822250076624335
LG전자,2024Q1,0.21529389393872758,-0.06213015928975418
LG전자,2024Q2,0.37204510627223636,0.15440420450035952
LG전자,2024Q3,0.37933361430551593,-0.04835771394263799
LG전자,2024Q4,0.3017680802859761,-0.18932041465028315
LG전자,2025Q1,0.29318332813765396,-0.07534173900433305
LG전자,2025Q2,0.31876506522810416,-0.052631595007967547
LG전자,2025Q3,0.25154541670786407,0.009214371354897555
LG전자,2025Q4,0.36913256900507785,0.22370172432552904
카카오뱅크,2023Q1,0.42383493458075117,0.0
카카오뱅크,2023Q2,0.33787242290791275,-0.010416673700188284
카카오뱅크,2023Q3,0.44835206619666423,-0.046938790021346266
카카오뱅크,2023Q4,0.5558771180402204,0.2679909247102843
카카오뱅크,2024Q1,0.45454907459198907,-0.016071423946105834
카카오뱅크,2024Q2,0.30111431756608764,-0.25912408490784666
카카오뱅크,2024Q3,0.42386880415652256,0.007142855087158173
카카오뱅크,2024Q4,0.3652534663877145,0.002380951695719391
카카오뱅크,2025Q1,0.3241592071579969,0.06779044930919453
카카오뱅크,2025Q2,0.7407653567765328,0.32743358244219234
카카오뱅크,2025Q3,0.2680115857007637,-0.20435515445294172
카카오뱅크,2025Q4,0.26936793110733365,-0.08280257086485265
SK텔레콤,2023Q1,0.2050004743028905,0.03989084065097437
SK텔레콤,2023Q2,0.12624165922076203,-0.0026057083169288564
SK텔레콤,2023Q3,0.15203484647390733,0.14045892500031054
SK텔레콤,2023Q4,0.19975531073477268,0.02967148502990935
SK텔레콤,2024Q1,0.12947696255958083,0.06742753342931507
SK텔레콤,2024Q2,0.13290830601366518,0.0025929998004075028
SK텔레콤,2024Q3,0.20410039089174883,0.10119543605911763
SK텔레콤,2024Q4,0.21402490212218833,-0.007194256819981981
SK텔레콤,2025Q1,0.1566037700939331,0.007544774623299055
SK텔레콤,2025Q2,0.22099402601608628,0.040164572840010626
SK텔레콤,2025Q3,0.1670142576468732,-0.04128883091280744
SK텔레콤,2025Q4,0.12767791613957624,-0.016544117647058876
엔씨소프트,2023Q1,0.3599166817278334,-0.13904982765348306
엔씨소프트,2023Q2,0.3278732368955714,-0.20377865664575756
엔씨소프트,2023Q3,0.300081843058153,-0.25210077866495373
엔씨소프트,2023Q4,0.46224754304040494,0.14662577145961486
엔씨소프트,2024Q1,0.3683727696590668,-0.17166668152202014
엔씨소프트,2024Q2,0.45049250028392257,-0.12669906781071671
엔씨소프트,2024Q3,0.44115067762992083,0.037479624791471045
엔씨소프트,2024Q4,0.5707873165748508,-0.07989948564346805
엔씨소프트,2025Q1,0.3124371874175333,-0.17168792865042082
엔씨소프트,2025Q2,0.4936189375705655,0.36393659180977544
엔씨소프트,2025Q3,0.38956306092569676,0.05623471882640585
엔씨소프트,2025Q4,0.49615339164333966,-0.051764705882352935
삼성에스디에스,2023Q1,0.2680394170451293,-0.037344375258052565
삼성에스디에스,2023Q2,0.14086171419965557,0.050427449209063724
삼성에스디에스,2023Q3,0.4120299019331284,0.10457520228583306
삼성에스디에스,2023Q4,0.2936883341190999,0.26275731823959236
삼성에스디에스,2024Q1,0.32900443920377653,-0.035967009784930504
삼성에스디에스,2024Q2,0.3160881417996246,-0.10217659161033465
삼성에스디에스,2024Q3,0.30188741603074387,0.011772350794961195
삼성에스디에스,2024Q4,0.33441626173885386,-0.1336506786525411
삼성에스디에스,2025Q1,0.3063820963194327,-0.06666669650847057
삼성에스디에스,2025Q2,0.5694279862591775,0.4360710997930719
삼성에스디에스,2025Q3,0.31511621043604493,-0.024940637228960116
삼성에스디에스,2025Q4,0.38575471348755747,0.04902720790073456
KT,2023Q1,0.2251101082969198,-0.09384617049931576
KT,2023Q2,0.1691052641645244,0.0
KT,2023Q3,0.21828463130540326,0.11428584507074491
KT,2023Q4,0.16399193565030706,0.09843923733780291
KT,2024Q1,0.27893559341275337,0.11842168463265357
KT,2024Q2,0.21406159323275564,0.005558094284267456
KT,2024Q3,0.26224838037179216,0.10271654006681574
KT,2024Q4,0.3518251790027702,0.10314469586535058
KT,2025Q1,0.21742898918428075,0.15431557842984756
KT,2025Q2,0.253541524517785,0.14373711598288597
KT,2025Q3,0.21406742025710201,-0.10900645115511243
KT,2025Q4,0.2065025650664919,0.054443242928924995
